{"stats":{"minecraft:broken":{"minecraft:iron_shovel":6,"vampirism:armor_of_swiftness_chest_ultimate":1,"atlantis:pickaxe_aquamarine":1,"minecraft:diamond_shovel":1,"minecraft:stone_axe":1,"minecraft:iron_sword":2,"vampirism:hunter_coat_legs_ultimate":1,"justhammers:iron_hammer":3,"vampirism:hunter_coat_head_ultimate":1,"minecraft:iron_axe":1,"minecraft:leather_boots":1,"minecraft:iron_pickaxe":3},"minecraft:picked_up":{"minecraft:wheat":201,"croptopia:grape_seed":4,"minecraft:stone_slab":83,"minecraft:enchanted_book":2,"croptopia:cabbage_seed":2,"minecraft:stone_brick_stairs":9,"vampirism:hunter_coat_head_ultimate":1,"vampirism:armor_of_swiftness_head_ultimate":1,"paraglider:goddess_statue":1,"minecraft:string":34,"minecraft:raw_copper":22,"croptopia:cantaloupe":1,"vampirism:obi_belt":1,"minecraft:gold_nugget":18,"minecraft:cobbled_deepslate":222,"hmag:bat_wing":2,"minecraft:cobblestone_slab":61,"minecraft:iron_pickaxe":1,"additional_lights:fire_pit_l_cobblestone":15,"minecraft:furnace":18,"minecraft:stick":7,"minecraft:torch":70,"minecraft:oak_fence":16,"cataclysm:chiseled_stone_brick_pillar":1,"minecraft:acacia_log":3,"croptopia:almond":1,"vampirism:vampire_fang":3,"tombstone:grave_dust":8,"minecraft:diorite":19,"vampirism:amulet":4,"evilcraft:box_of_eternal_closure":5,"minecraft:rotten_flesh":48,"grimoireofgaia:stone_coal":2,"croptopia:elderberry":1,"evilcraft:condensed_blood":143,"croptopia:pecan":4,"cataclysm:stone_pillar":1,"croptopia:cabbage":1,"vampirism:heart_seeker_enhanced":1,"minecraft:cobblestone":2855,"minecraft:enchanting_table":1,"hmag:copper_nugget":1,"vampirism:vampire_book":1,"minecraft:feather":36,"minecraft:andesite":10,"atlantis:sword_aquamarine":1,"minecraft:potato":603,"croptopia:spinach":1,"minecraft:flint":2,"additional_lights:fire_for_standing_torch_s":2,"minecraft:tuff":8,"evilcraft:flesh_humanoid":1,"supplementaries:flax_seeds":3,"bossominium:guardian_sapling":2,"vampirism:hunter_coat_legs_ultimate":1,"minecraft:lapis_lazuli":88,"minecraft:dirt":3764,"hmag:evil_crystal_fragment":2,"minecraft:leather_boots":1,"minecraft:bone":24,"minecraft:bow":4,"croptopia:sweetpotato":1,"minecraft:wheat_seeds":604,"tombstone:scroll_of_reach":1,"minecraft:mossy_stone_bricks":1,"minecraft:bamboo":242,"minecraft:oak_planks":76,"hmag:soul_powder":7,"vampirism:ring":1,"minecraft:poisonous_potato":4,"justhammers:iron_hammer":1,"minecraft:sand":51,"vampirism:hunter_coat_chest_ultimate":1,"sophisticatedbackpacks:iron_backpack":1,"minecraft:grass_block":1,"grimoireofgaia:shiny_pearl":1,"croptopia:spinach_seed":1,"cataclysm:stone_tiles":56,"minecraft:bundle":2,"dramaticdoors:tall_oak_door":2,"twilightforest:canopy_planks":2,"minecraft:diamond":8,"waystones:waystone":4,"minecraft:granite":17,"minecraft:oak_sapling":3,"croptopia:cashew":3,"minecraft:dark_oak_fence":8,"atlantis:aquamarine_gem":53,"minecraft:charcoal":2,"minecraft:crafting_table":14,"minecraft:azure_bluet":41,"grimoireofgaia:soulfire":3,"croptopia:peach":3,"cataclysm:stone_tile_stairs":4,"croptopia:sweetpotato_seed":1,"twilightforest:bold_stone_pillar":1,"minecraft:stone_brick_wall":1,"minecraft:oak_trapdoor":3,"minecraft:stone_stairs":8,"minecraft:iron_axe":1,"minecraft:white_carpet":2,"minecraft:beef":54,"minecraft:oak_boat":16,"minecraft:jungle_sapling":2,"hmag:cooked_savagefang_meat":4,"minecraft:iron_nugget":35,"minecraft:poppy":1,"minecraft:sugar_cane":9,"minecraft:chest":7,"minecraft:raw_iron":145,"grimoireofgaia:meat":1,"twilightforest:twisted_stone":1,"grimoireofgaia:box_gold":1,"evilcraft:origins_of_darkness":3,"sophisticatedbackpacks:backpack":1,"minecraft:carrot":614,"minecraft:redstone":233,"twilightforest:firefly":1,"additional_lights:standing_torch_l_cobblestone":2,"minecraft:arrow":26,"croptopia:cantaloupe_seed":2,"vampirism:altar_inspiration":1,"minecraft:hay_block":6,"croptopia:pepper":1,"minecraft:gold_ingot":114,"sophisticatedbackpacks:copper_backpack":3,"paraglider:horned_statue":2,"domesticationinnovation:collar_tag":1,"minecraft:mutton":12,"minecraft:rail":7,"exoticbirds:raw_birdmeat":3,"minecraft:white_wool":7,"minecraft:oxeye_daisy":49,"evilcraft:environmental_accumulation_core":1,"vampirism:vampire_blood_bottle":1,"hmag:purification_cloth":2,"minecraft:glow_ink_sac":1,"minecraft:leather":33,"minecraft:oak_log":123,"minecraft:yellow_bed":4,"minecraft:cobblestone_wall":9,"minecraft:gunpowder":37,"vampirism:human_heart":1,"farmersdelight:cooking_pot":1,"minecraft:stone_bricks":26,"minecraft:apple":11,"guideapi_vp:vampirism-guidebook":1,"minecraft:iron_ingot":64,"minecraft:glass_bottle":8,"croptopia:elderberry_seed":2,"minecraft:chiseled_stone_bricks":15,"vampirism:fire_place":1,"minecraft:stone_brick_slab":1,"minecraft:dandelion":3,"minecraft:gravel":23,"minecraft:soul_torch":1,"minecraft:white_bed":25,"grimoireofgaia:box_iron":1,"vampirism:altar_infusion":1,"minecraft:spider_eye":4,"minecraft:slime_ball":2,"minecraft:stone_axe":2,"evilcraft:dark_gem":23,"minecraft:gray_wool":1,"domesticationinnovation:drum":5,"minecraft:oak_button":1,"tombstone:magic_scroll":2,"minecraft:baked_potato":35,"grimoireofgaia:bag_record":1,"minecraft:hopper":9,"minecraft:coal":732,"vampirism:armor_of_swiftness_chest_ultimate":1,"minecraft:ender_pearl":1},"minecraft:dropped":{"minecraft:diamond":1,"minecraft:crafting_table":1,"minecraft:dirt":2,"minecraft:dark_oak_fence":4,"minecraft:gold_nugget":1,"atlantis:aquamarine_gem":1,"minecraft:oak_planks":36,"justhammers:iron_hammer":1,"minecraft:stone_hoe":1,"minecraft:poisonous_potato":1,"minecraft:apple":3,"minecraft:coal":30,"minecraft:iron_axe":1,"minecraft:iron_hoe":1,"sophisticatedbackpacks:backpack":1,"minecraft:stone_slab":1,"cataclysm:stone_tiles":50,"grimoireofgaia:soulfire":1,"atlantis:sword_aquamarine":1,"sophisticatedbackpacks:copper_backpack":1,"minecraft:bow":1},"minecraft:custom":{"minecraft:animals_bred":38,"minecraft:interact_with_crafting_table":63,"minecraft:open_barrel":5,"minecraft:bell_ring":1,"minecraft:leave_game":13,"minecraft:time_since_death":50125,"minecraft:damage_resisted":1100,"minecraft:sprint_one_cm":3458644,"minecraft:damage_blocked_by_shield":4527,"minecraft:drop":23,"minecraft:talked_to_villager":13,"minecraft:play_time":1059394,"minecraft:deaths":60,"minecraft:jump":19174,"minecraft:walk_on_water_one_cm":57215,"minecraft:enchant_item":1,"minecraft:interact_with_furnace":270,"minecraft:sleep_in_bed":47,"minecraft:waystone_activated":12,"minecraft:damage_dealt":59586,"minecraft:player_kills":5,"minecraft:crouch_one_cm":104624,"tombstone:undead_killed":87,"tombstone:villager_killed":1,"minecraft:interact_with_smoker":2,"minecraft:horse_one_cm":1618,"minecraft:mob_kills":262,"minecraft:inspect_hopper":2,"minecraft:damage_dealt_resisted":1557,"minecraft:climb_one_cm":48282,"minecraft:walk_one_cm":2328225,"minecraft:damage_dealt_absorbed":2770,"vampirism:infected_creatures":1,"minecraft:sneak_time":31113,"minecraft:walk_under_water_one_cm":57713,"minecraft:boat_one_cm":181189,"minecraft:interact_with_blast_furnace":39,"minecraft:total_world_time":1059394,"tombstone:raider_killed":3,"minecraft:interact_with_stonecutter":29,"minecraft:time_since_rest":39259,"minecraft:damage_taken":331129,"tombstone:cast_on_ally":0,"minecraft:swim_one_cm":80367,"minecraft:fly_one_cm":4615190,"minecraft:open_chest":454,"minecraft:fall_one_cm":374249},"minecraft:used":{"minecraft:red_sand":1,"minecraft:iron_shovel":2340,"minecraft:shield":53,"sophisticatedbackpacks:copper_backpack":2,"vampirism:heart_striker_enhanced":1,"minecraft:poppy":1,"vampirism:altar_infusion":1,"minecraft:chest":13,"minecraft:iron_sword":801,"grimoireofgaia:soulfire":69,"croptopia:cashew":3,"twilightforest:bold_stone_pillar":1,"minecraft:carrot":81,"cataclysm:stone_tiles":216,"minecraft:azure_bluet":1,"minecraft:milk_bucket":2,"minecraft:glass":28,"minecraft:grass_block":1,"minecraft:stone_brick_stairs":10,"minecraft:stone_bricks":1,"vampirism:hunter_coat_legs_ultimate":1,"supplementaries:bomb_blue":1,"croptopia:peach":3,"minecraft:bow":10,"minecraft:oak_sapling":2,"minecraft:furnace":19,"vampirism:armor_of_swiftness_chest_ultimate":1,"grimoireofgaia:meat":2,"minecraft:potato":84,"atlantis:shovel_aquamarine":2,"minecraft:oak_planks":7,"croptopia:almond":1,"vampirism:human_heart":1,"minecraft:sugar_cane":11,"cataclysm:chiseled_stone_brick_pillar":2,"minecraft:sand":50,"hmag:randomberry":10,"waystones:waystone":4,"minecraft:bread":37,"tombstone:grave_key":1,"croptopia:spinach":1,"minecraft:andesite":1,"minecraft:oak_boat":19,"croptopia:cantaloupe":1,"minecraft:bone_meal":42,"twilightforest:canopy_planks":4,"minecraft:oak_fence":26,"minecraft:oak_trapdoor":68,"minecraft:enchanting_table":1,"minecraft:stone_hoe":21,"minecraft:torch":368,"minecraft:dirt":2559,"minecraft:white_carpet":4,"croptopia:elderberry":1,"minecraft:hopper":13,"minecraft:iron_hoe":173,"paraglider:horned_statue":2,"twilightforest:twisted_stone":2,"minecraft:iron_axe":259,"evilcraft:box_of_eternal_closure":7,"additional_lights:fire_pit_l_cobblestone":17,"atlantis:aquamarine_chestplate":1,"evilcraft:flesh_humanoid":7,"minecraft:bamboo":50,"atlantis:pickaxe_aquamarine":286,"bossominium:guardian_sapling":2,"additional_lights:standing_torch_l_cobblestone":2,"farmersdelight:cooking_pot":1,"tombstone:gift":11,"minecraft:cooked_beef":11,"minecraft:cobbled_deepslate":1024,"minecraft:acacia_planks":12,"minecraft:cooked_mutton":5,"minecraft:wheat_seeds":42,"minecraft:water_bucket":120,"vampirism:fire_place":2,"croptopia:pecan":4,"vampirism:altar_inspiration":2,"minecraft:baked_potato":235,"minecraft:stonecutter":1,"minecraft:cobblestone_slab":82,"atlantis:sword_aquamarine":232,"cataclysm:stone_pillar":1,"minecraft:crafting_table":14,"minecraft:white_bed":24,"minecraft:campfire":1,"croptopia:sweetpotato":1,"cataclysm:stone_tile_stairs":138,"minecraft:smoker":2,"justhammers:iron_hammer":790,"minecraft:apple":6,"minecraft:diamond_shovel":1580,"twilightforest:firefly":2,"minecraft:oak_button":2,"minecraft:iron_pickaxe":996,"tombstone:magic_scroll":1,"hmag:cooked_savagefang_meat":5,"domesticationinnovation:drum":5,"minecraft:stone_axe":88,"minecraft:chiseled_stone_bricks":1,"minecraft:cobblestone":781,"additional_lights:fire_for_standing_torch_s":2,"minecraft:cobbled_deepslate_slab":4,"minecraft:bucket":122,"minecraft:yellow_bed":4,"minecraft:dandelion":2,"minecraft:soul_torch":1},"minecraft:crafted":{"minecraft:oak_planks":380,"minecraft:cobblestone_slab":54,"twilightforest:twisted_stone":1,"cataclysm:chiseled_stone_brick_pillar":1,"minecraft:stone":1239,"minecraft:diamond_shovel":1,"sophisticatedbackpacks:crafting_upgrade":1,"minecraft:cooked_mutton":5,"minecraft:hopper":2,"minecraft:bow":1,"minecraft:iron_boots":1,"vampirism:altar_inspiration":1,"cataclysm:stone_pillar":1,"minecraft:chest":6,"minecraft:oak_button":1,"atlantis:aquamarine_chestplate":1,"minecraft:chiseled_stone_bricks":1,"minecraft:stone_hoe":1,"minecraft:stone_bricks":1,"minecraft:oak_fence":15,"minecraft:smoker":2,"minecraft:crafting_table":4,"minecraft:baked_potato":233,"minecraft:iron_helmet":1,"additional_lights:fire_for_standing_torch_s":1,"minecraft:campfire":1,"sophisticatedbackpacks:upgrade_base":1,"twilightforest:bold_stone_pillar":1,"atlantis:shovel_aquamarine":1,"minecraft:iron_chestplate":1,"minecraft:charcoal":1,"minecraft:shield":1,"cataclysm:stone_tile_stairs":7,"minecraft:stick":100,"minecraft:iron_ingot":160,"minecraft:iron_pickaxe":5,"atlantis:sword_aquamarine":1,"atlantis:aquamarine_boots":1,"minecraft:cobbled_deepslate_slab":6,"minecraft:furnace":3,"atlantis:pickaxe_aquamarine":1,"minecraft:bone_meal":45,"cataclysm:stone_tiles":1,"minecraft:oak_trapdoor":16,"vampirism:altar_infusion":1,"minecraft:iron_axe":2,"minecraft:iron_hoe":1,"twilightforest:canopy_planks":4,"additional_lights:standing_torch_l_cobblestone":1,"vampirism:fire_place":1,"minecraft:wheat":54,"minecraft:cooked_beef":13,"minecraft:coal_block":1,"paraglider:paraglider":1,"atlantis:aquamarine_leggings":1,"minecraft:iron_sword":4,"sophisticatedbackpacks:gold_backpack":1,"minecraft:bucket":2,"minecraft:stone_axe":1,"minecraft:bread":18,"minecraft:air":0,"minecraft:oak_boat":2,"vampirism:altar_pillar":1,"justhammers:iron_hammer":5,"minecraft:iron_shovel":5,"minecraft:iron_leggings":1,"minecraft:stonecutter":1,"minecraft:white_bed":1,"vampirism:blood_container":1,"minecraft:acacia_planks":12,"minecraft:torch":140,"bossominium:charcoal_bone_meal":3},"minecraft:mined":{"minecraft:oak_sapling":1,"minecraft:white_bed":25,"minecraft:jungle_leaves":1,"cataclysm:stone_tiles":6,"cataclysm:stone_pillar":1,"twilightforest:twisted_stone":2,"minecraft:granite":14,"minecraft:acacia_log":3,"minecraft:grass_block":1976,"waystones:waystone":2,"minecraft:hopper":9,"minecraft:oxeye_daisy":6,"minecraft:chiseled_stone_bricks":2,"minecraft:iron_ore":73,"minecraft:cobbled_deepslate":177,"minecraft:fire":73,"minecraft:deepslate_lapis_ore":3,"minecraft:azure_bluet":11,"minecraft:enchanting_table":1,"minecraft:dirt_path":3,"domesticationinnovation:drum":5,"minecraft:torch":29,"minecraft:poppy":1,"minecraft:chest":7,"supplementaries:wild_flax":1,"minecraft:mushroom_stem":1,"minecraft:cobblestone":173,"minecraft:oak_planks":7,"minecraft:sugar_cane":9,"minecraft:wall_torch":3,"minecraft:stone_stairs":3,"paraglider:horned_statue":2,"minecraft:wheat":12,"atlantis:aquamarine_ore":13,"minecraft:stone_brick_stairs":9,"minecraft:grass":175,"minecraft:oak_log":111,"minecraft:sand":51,"minecraft:dirt":1916,"minecraft:oak_leaves":62,"minecraft:deepslate":36,"twilightforest:firefly":1,"minecraft:diamond_ore":1,"minecraft:tuff":8,"croptopia:orange_crop":2,"minecraft:dark_oak_leaves":3,"minecraft:deepslate_diamond_ore":2,"vampirism:altar_inspiration":1,"farmersdelight:wild_carrots":1,"minecraft:dark_oak_fence":9,"minecraft:cobbled_deepslate_slab":4,"cataclysm:stone_tile_stairs":4,"cataclysm:chiseled_stone_brick_pillar":2,"evilcraft:environmental_accumulator":1,"minecraft:hay_block":6,"minecraft:redstone_ore":33,"minecraft:oak_trapdoor":4,"minecraft:furnace":15,"minecraft:carrots":19,"evilcraft:box_of_eternal_closure":2,"twilightforest:canopy_planks":4,"minecraft:andesite":7,"evilcraft:dark_ore":1,"minecraft:potatoes":24,"vampirism:altar_infusion":1,"minecraft:deepslate_iron_ore":12,"minecraft:cobblestone_slab":41,"minecraft:vine":13,"minecraft:bamboo_sapling":2,"minecraft:bamboo":23,"minecraft:stone":373,"farmersdelight:cooking_pot":1,"minecraft:soul_torch":1,"minecraft:dandelion":1,"croptopia:sweetpotato_crop":1,"minecraft:oak_fence":8,"minecraft:crafting_table":12,"additional_lights:fire_pit_l_cobblestone":15,"additional_lights:fire_for_fire_pit_l":3,"minecraft:campfire":1,"minecraft:stone_slab":26,"minecraft:tall_grass":14,"minecraft:diorite":14,"supplementaries:urn":1,"additional_lights:standing_torch_l_cobblestone":2,"bossominium:guardian_sapling":2,"minecraft:cobblestone_wall":6,"additional_lights:fire_for_standing_torch_s":2,"dramaticdoors:tall_oak_door":2,"minecraft:white_carpet":2,"twilightforest:hollow_oak_log_vertical":1,"minecraft:yellow_bed":4,"twilightforest:bold_stone_pillar":1,"minecraft:coal_ore":133,"evilcraft:blood_stain":1,"vampirism:fire_place":1,"minecraft:gravel":23,"minecraft:cobweb":19,"minecraft:stone_bricks":7,"minecraft:mossy_stone_bricks":1,"paraglider:goddess_statue":1},"minecraft:killed":{"naturalist:zebra":2,"grimoireofgaia:toad":1,"vampirism:vampire":14,"minecraft:cave_spider":1,"vampirism:advanced_vampire":4,"minecraft:spider":12,"grimoireofgaia:minotaurus":11,"minecraft:skeleton":30,"vampirism:blinding_bat":2,"grimoireofgaia:mimic":3,"hmag:catoblepas":4,"hmag:harpy":2,"grimoireofgaia:banshee":1,"grimoireofgaia:bone_knight":1,"minecraft:creeper":22,"vampirism:hunter":2,"minecraft:sheep":6,"minecraft:pillager":3,"minecraft:zombie":39,"bossominium:forest_guardian_boss":2,"grimoireofgaia:deathword":1,"grimoireofgaia:harpy":20,"minecraft:cow":15,"exoticbirds:peafowl":1,"hmag:creeper_girl":1,"hmag:skeleton_girl":3,"hmag:zombie_girl":6,"vampirism:villager_converted":1,"grimoireofgaia:dullahan":2,"hmag:ghost":8,"naturalist:bluejay":1,"minecraft:bat":1,"grimoireofgaia:cecaelia":1,"grimoireofgaia:horse":2,"grimoireofgaia:arachne":1,"grimoireofgaia:werecat":1,"minecraft:enderman":2},"minecraft:killed_by":{"vampirism:advanced_vampire":1,"hmag:ogre":2,"grimoireofgaia:arachne":1,"grimoireofgaia:toad":3,"grimoireofgaia:minotaur":2,"grimoireofgaia:bone_knight":3,"minecraft:cave_spider":2,"grimoireofgaia:minotaurus":21,"grimoireofgaia:dullahan":1,"grimoireofgaia:harpy":4,"minecraft:zombie":2,"minecraft:player":4,"minecraft:spider":1,"grimoireofgaia:werecat":1,"hmag:ghost":1,"grimoireofgaia:creep":2}},"DataVersion":3120}