{"stats":{"minecraft:broken":{"minecraft:iron_shovel":6,"vampirism:armor_of_swiftness_chest_ultimate":1,"atlantis:pickaxe_aquamarine":1,"minecraft:diamond_shovel":1,"minecraft:stone_axe":1,"minecraft:iron_sword":5,"vampirism:hunter_coat_legs_ultimate":1,"justhammers:iron_hammer":4,"vampirism:hunter_coat_head_ultimate":1,"minecraft:shield":1,"minecraft:iron_axe":1,"minecraft:leather_boots":1,"minecraft:iron_pickaxe":5},"minecraft:picked_up":{"minecraft:wheat":349,"croptopia:grape_seed":4,"minecraft:stone_slab":83,"minecraft:enchanted_book":2,"croptopia:cabbage_seed":2,"minecraft:stone_brick_stairs":10,"vampirism:pure_salt_water":1,"minecraft:lapis_block":1,"vampirism:hunter_coat_head_ultimate":1,"minecraft:string":40,"paraglider:goddess_statue":1,"vampirism:armor_of_swiftness_head_ultimate":1,"croptopia:cantaloupe":1,"minecraft:raw_copper":257,"vampirism:obi_belt":1,"minecraft:gold_nugget":39,"minecraft:cobbled_deepslate":320,"hmag:bat_wing":2,"minecraft:cobblestone_slab":61,"minecraft:iron_pickaxe":1,"additional_lights:fire_pit_l_cobblestone":15,"farmersdelight:cabbage_seeds":4,"minecraft:furnace":18,"minecraft:stick":7,"minecraft:torch":80,"minecraft:oak_fence":16,"cataclysm:chiseled_stone_brick_pillar":1,"minecraft:acacia_log":3,"croptopia:almond":1,"vampirism:vampire_fang":3,"tombstone:grave_dust":14,"minecraft:diorite":42,"vampirism:amulet":4,"minecraft:stone_sword":1,"evilcraft:box_of_eternal_closure":5,"minecraft:rotten_flesh":51,"grimoireofgaia:stone_coal":2,"supplementaries:ash":5,"croptopia:elderberry":1,"evilcraft:condensed_blood":143,"minecraft:obsidian":5,"croptopia:pecan":4,"hmag:spectral_soup":2,"cataclysm:stone_pillar":1,"vampirism:heart_seeker_enhanced":1,"croptopia:cabbage":1,"minecraft:cobblestone":3428,"minecraft:enchanting_table":1,"vampirism:vampire_book":1,"hmag:copper_nugget":3,"minecraft:feather":53,"minecraft:andesite":44,"atlantis:sword_aquamarine":1,"minecraft:potato":1028,"paraglider:spirit_orb":2,"croptopia:spinach":1,"minecraft:flint":2,"minecraft:tuff":14,"additional_lights:fire_for_standing_torch_s":2,"evilcraft:flesh_humanoid":1,"supplementaries:flax_seeds":4,"bossominium:guardian_sapling":2,"vampirism:hunter_coat_legs_ultimate":1,"minecraft:lapis_lazuli":462,"minecraft:dirt":3792,"hmag:evil_crystal_fragment":2,"minecraft:leather_boots":1,"minecraft:bone":44,"croptopia:sweetpotato":1,"minecraft:bow":4,"vampirism:altar_pillar":2,"minecraft:wheat_seeds":1132,"minecraft:raw_gold":57,"tombstone:scroll_of_reach":1,"minecraft:mossy_stone_bricks":1,"minecraft:bamboo":242,"minecraft:oak_planks":76,"grimoireofgaia:box_overworld":1,"hmag:necrofiber":1,"hmag:soul_powder":11,"vampirism:ring":1,"evilcraft:dark_gem_crushed":10,"minecraft:poisonous_potato":6,"justhammers:iron_hammer":1,"minecraft:sand":51,"vampirism:hunter_coat_chest_ultimate":1,"sophisticatedbackpacks:iron_backpack":1,"minecraft:grass_block":1,"minecraft:mossy_cobblestone":1,"grimoireofgaia:shiny_pearl":1,"croptopia:spinach_seed":1,"cataclysm:stone_tiles":56,"minecraft:bundle":2,"dramaticdoors:tall_oak_door":2,"twilightforest:canopy_planks":2,"minecraft:diamond":31,"waystones:waystone":4,"minecraft:granite":27,"minecraft:emerald":4,"minecraft:oak_sapling":3,"minecraft:netherrack":5,"croptopia:cashew":3,"minecraft:dark_oak_fence":8,"atlantis:aquamarine_gem":66,"minecraft:charcoal":2,"minecraft:crafting_table":14,"minecraft:azure_bluet":41,"grimoireofgaia:soulfire":3,"croptopia:peach":3,"cataclysm:stone_tile_stairs":4,"croptopia:sweetpotato_seed":1,"twilightforest:bold_stone_pillar":1,"minecraft:stone_brick_wall":1,"minecraft:gold_block":3,"minecraft:oak_trapdoor":3,"minecraft:stone_stairs":8,"minecraft:iron_axe":1,"minecraft:white_carpet":2,"minecraft:beef":73,"minecraft:oak_boat":49,"minecraft:jungle_sapling":2,"hmag:cooked_savagefang_meat":4,"minecraft:iron_nugget":54,"minecraft:poppy":1,"minecraft:sugar_cane":113,"minecraft:chest":7,"minecraft:raw_iron":815,"grimoireofgaia:meat":4,"twilightforest:twisted_stone":1,"grimoireofgaia:box_gold":1,"evilcraft:origins_of_darkness":3,"sophisticatedbackpacks:backpack":1,"farmersdelight:tomato_seeds":2,"minecraft:carrot":1010,"minecraft:redstone":470,"twilightforest:firefly":1,"additional_lights:standing_torch_l_cobblestone":2,"minecraft:arrow":27,"croptopia:cantaloupe_seed":2,"vampirism:altar_inspiration":1,"minecraft:hay_block":6,"minecraft:saddle":1,"minecraft:gold_ingot":114,"croptopia:pepper":1,"sophisticatedbackpacks:copper_backpack":3,"paraglider:horned_statue":2,"domesticationinnovation:collar_tag":1,"minecraft:glow_berries":1,"minecraft:mutton":23,"minecraft:skeleton_skull":1,"minecraft:white_wool":14,"exoticbirds:raw_birdmeat":3,"minecraft:rail":7,"minecraft:oxeye_daisy":49,"evilcraft:environmental_accumulation_core":1,"vampirism:vampire_blood_bottle":2,"hmag:purification_cloth":2,"minecraft:glow_ink_sac":3,"minecraft:leather":48,"minecraft:oak_log":123,"minecraft:yellow_bed":4,"minecraft:cobblestone_wall":9,"minecraft:gunpowder":37,"naturalist:glow_goop":1,"vampirism:human_heart":1,"farmersdelight:cooking_pot":1,"minecraft:stone_bricks":26,"minecraft:apple":11,"guideapi_vp:vampirism-guidebook":1,"minecraft:iron_ingot":64,"minecraft:glass_bottle":8,"croptopia:elderberry_seed":2,"minecraft:book":1,"minecraft:chiseled_stone_bricks":15,"vampirism:fire_place":1,"minecraft:stone_brick_slab":2,"minecraft:dandelion":3,"minecraft:gravel":23,"minecraft:amethyst_shard":12,"minecraft:soul_torch":1,"minecraft:white_bed":25,"grimoireofgaia:box_iron":1,"vampirism:altar_infusion":1,"minecraft:crying_obsidian":2,"minecraft:spider_eye":4,"minecraft:pumpkin_seeds":4,"minecraft:slime_ball":2,"minecraft:stone_axe":2,"vampirism:altar_tip":5,"evilcraft:dark_gem":46,"minecraft:gray_wool":1,"domesticationinnovation:drum":5,"minecraft:oak_button":1,"minecraft:baked_potato":35,"tombstone:magic_scroll":2,"minecraft:damaged_anvil":1,"grimoireofgaia:bag_record":1,"minecraft:coal":915,"vampirism:armor_of_swiftness_chest_ultimate":1,"minecraft:hopper":9,"minecraft:ender_pearl":4},"minecraft:dropped":{"minecraft:diamond":1,"minecraft:crafting_table":1,"minecraft:dirt":2,"minecraft:dark_oak_fence":4,"minecraft:gold_nugget":1,"atlantis:aquamarine_gem":1,"minecraft:oak_planks":36,"justhammers:iron_hammer":1,"minecraft:stone_hoe":1,"minecraft:poisonous_potato":1,"minecraft:apple":3,"minecraft:coal":30,"minecraft:iron_axe":1,"minecraft:iron_hoe":1,"sophisticatedbackpacks:backpack":1,"minecraft:stone_slab":1,"cataclysm:stone_tiles":50,"grimoireofgaia:soulfire":1,"atlantis:sword_aquamarine":1,"sophisticatedbackpacks:copper_backpack":1,"minecraft:bow":1},"minecraft:custom":{"minecraft:animals_bred":84,"minecraft:interact_with_crafting_table":87,"minecraft:open_barrel":7,"minecraft:bell_ring":1,"minecraft:leave_game":15,"minecraft:time_since_death":913,"minecraft:damage_resisted":1100,"minecraft:sprint_one_cm":4288446,"minecraft:damage_blocked_by_shield":6542,"minecraft:drop":23,"minecraft:talked_to_villager":13,"minecraft:play_time":1336415,"minecraft:deaths":66,"minecraft:jump":24870,"minecraft:walk_on_water_one_cm":87113,"minecraft:enchant_item":19,"minecraft:interact_with_furnace":328,"minecraft:sleep_in_bed":48,"minecraft:waystone_activated":12,"minecraft:damage_dealt":111575,"minecraft:player_kills":5,"minecraft:crouch_one_cm":124182,"tombstone:undead_killed":140,"tombstone:villager_killed":1,"minecraft:interact_with_smoker":4,"minecraft:horse_one_cm":1618,"minecraft:mob_kills":449,"minecraft:inspect_hopper":3,"minecraft:damage_dealt_resisted":2291,"minecraft:climb_one_cm":48756,"minecraft:walk_one_cm":2965498,"minecraft:damage_dealt_absorbed":2770,"vampirism:infected_creatures":1,"minecraft:sneak_time":39061,"minecraft:walk_under_water_one_cm":65291,"minecraft:boat_one_cm":186144,"minecraft:interact_with_blast_furnace":86,"minecraft:total_world_time":1336415,"tombstone:raider_killed":3,"minecraft:interact_with_grindstone":24,"minecraft:interact_with_stonecutter":33,"minecraft:time_since_rest":720,"minecraft:damage_taken":535184,"tombstone:cast_on_ally":0,"minecraft:swim_one_cm":88484,"minecraft:fly_one_cm":5792709,"minecraft:open_chest":717,"minecraft:fall_one_cm":465757},"minecraft:used":{"minecraft:red_sand":1,"minecraft:iron_shovel":2340,"minecraft:shield":93,"sophisticatedbackpacks:copper_backpack":2,"vampirism:heart_striker_enhanced":1,"minecraft:poppy":1,"vampirism:altar_infusion":2,"minecraft:chest":13,"minecraft:iron_sword":1635,"grimoireofgaia:soulfire":82,"croptopia:cashew":3,"twilightforest:bold_stone_pillar":1,"minecraft:carrot":114,"cataclysm:stone_tiles":216,"minecraft:tuff":3,"minecraft:azure_bluet":1,"minecraft:milk_bucket":2,"minecraft:glass":28,"minecraft:grass_block":1,"vampirism:hunter_coat_legs_ultimate":1,"minecraft:stone_brick_stairs":10,"supplementaries:bomb_blue":1,"minecraft:stone_bricks":1,"croptopia:peach":3,"minecraft:bow":24,"minecraft:oak_sapling":2,"minecraft:furnace":19,"vampirism:armor_of_swiftness_chest_ultimate":1,"grimoireofgaia:meat":2,"minecraft:potato":84,"atlantis:shovel_aquamarine":21,"minecraft:damaged_anvil":1,"minecraft:oak_planks":7,"croptopia:almond":1,"vampirism:human_heart":1,"minecraft:sugar_cane":11,"cataclysm:chiseled_stone_brick_pillar":2,"minecraft:sand":50,"minecraft:blast_furnace":3,"hmag:randomberry":10,"waystones:waystone":4,"minecraft:bread":37,"vampirism:altar_pillar":14,"tombstone:grave_key":1,"croptopia:spinach":1,"minecraft:diamond_sword":72,"minecraft:grindstone":1,"minecraft:andesite":1,"minecraft:oak_boat":52,"croptopia:cantaloupe":1,"minecraft:bone_meal":42,"twilightforest:canopy_planks":4,"minecraft:oak_fence":26,"minecraft:oak_trapdoor":68,"minecraft:enchanting_table":1,"minecraft:stone_hoe":21,"minecraft:torch":413,"minecraft:dirt":2560,"minecraft:white_carpet":4,"croptopia:elderberry":1,"minecraft:hopper":13,"minecraft:iron_hoe":181,"paraglider:horned_statue":2,"twilightforest:twisted_stone":2,"minecraft:iron_axe":286,"evilcraft:box_of_eternal_closure":7,"additional_lights:fire_pit_l_cobblestone":17,"atlantis:aquamarine_chestplate":1,"evilcraft:flesh_humanoid":7,"minecraft:bamboo":50,"minecraft:beef":2,"atlantis:pickaxe_aquamarine":286,"bossominium:guardian_sapling":2,"additional_lights:standing_torch_l_cobblestone":2,"tombstone:gift":13,"farmersdelight:cooking_pot":1,"minecraft:cooked_beef":11,"minecraft:cobbled_deepslate":1086,"minecraft:acacia_planks":12,"minecraft:cooked_mutton":5,"minecraft:wheat_seeds":124,"minecraft:water_bucket":144,"vampirism:fire_place":2,"croptopia:pecan":4,"vampirism:altar_inspiration":2,"minecraft:iron_ore":4,"minecraft:baked_potato":237,"minecraft:stonecutter":1,"minecraft:cobblestone_slab":82,"atlantis:sword_aquamarine":232,"cataclysm:stone_pillar":1,"minecraft:crafting_table":14,"croptopia:sweetpotato":1,"minecraft:white_bed":24,"minecraft:campfire":1,"cataclysm:stone_tile_stairs":139,"minecraft:smoker":2,"justhammers:iron_hammer":836,"minecraft:diamond_pickaxe":805,"minecraft:apple":6,"minecraft:diamond_shovel":1580,"twilightforest:firefly":2,"minecraft:oak_button":3,"minecraft:iron_pickaxe":1487,"tombstone:magic_scroll":1,"vampirism:altar_tip":9,"hmag:cooked_savagefang_meat":5,"domesticationinnovation:drum":5,"minecraft:stone_axe":88,"minecraft:chiseled_stone_bricks":1,"minecraft:cobblestone":1164,"additional_lights:fire_for_standing_torch_s":2,"minecraft:cobbled_deepslate_slab":4,"minecraft:lapis_block":1,"minecraft:bucket":146,"minecraft:yellow_bed":4,"minecraft:dandelion":2,"minecraft:soul_torch":1},"minecraft:crafted":{"minecraft:grindstone":1,"minecraft:oak_planks":500,"minecraft:cobblestone_slab":54,"twilightforest:twisted_stone":1,"cataclysm:chiseled_stone_brick_pillar":1,"minecraft:stone":1239,"sophisticatedbackpacks:crafting_upgrade":1,"minecraft:diamond_shovel":1,"minecraft:cooked_mutton":9,"minecraft:hopper":2,"minecraft:bow":1,"minecraft:iron_boots":1,"vampirism:altar_inspiration":1,"cataclysm:stone_pillar":1,"minecraft:chest":6,"minecraft:oak_button":2,"atlantis:aquamarine_chestplate":1,"minecraft:chiseled_stone_bricks":1,"minecraft:stone_hoe":1,"minecraft:stone_bricks":1,"minecraft:oak_fence":15,"minecraft:smoker":2,"atlantis:aquamarine_helmet":1,"minecraft:crafting_table":4,"minecraft:baked_potato":233,"minecraft:iron_helmet":1,"additional_lights:fire_for_standing_torch_s":1,"minecraft:gold_block":18,"minecraft:campfire":1,"sophisticatedbackpacks:upgrade_base":1,"twilightforest:bold_stone_pillar":1,"atlantis:shovel_aquamarine":1,"minecraft:iron_chestplate":1,"minecraft:diamond_pickaxe":1,"minecraft:charcoal":1,"minecraft:shield":2,"cataclysm:stone_tile_stairs":7,"minecraft:stick":108,"minecraft:stone_slab":6,"minecraft:iron_ingot":830,"minecraft:iron_pickaxe":6,"atlantis:sword_aquamarine":1,"minecraft:iron_block":88,"minecraft:gold_ingot":57,"atlantis:aquamarine_boots":1,"minecraft:cobbled_deepslate_slab":6,"minecraft:furnace":4,"minecraft:blast_furnace":3,"atlantis:pickaxe_aquamarine":1,"minecraft:bone_meal":45,"cataclysm:stone_tiles":2,"minecraft:oak_trapdoor":16,"guideapi_vp:vampirism-guidebook":1,"vampirism:altar_infusion":1,"minecraft:iron_axe":2,"minecraft:iron_hoe":2,"twilightforest:canopy_planks":4,"minecraft:redstone_block":21,"additional_lights:standing_torch_l_cobblestone":1,"vampirism:fire_place":1,"minecraft:wheat":54,"minecraft:cooked_beef":13,"minecraft:coal_block":1,"paraglider:paraglider":1,"minecraft:diamond_sword":1,"atlantis:aquamarine_leggings":1,"minecraft:iron_sword":7,"sophisticatedbackpacks:gold_backpack":1,"minecraft:bucket":2,"minecraft:stone_axe":1,"minecraft:bread":18,"minecraft:air":0,"minecraft:oak_boat":3,"vampirism:altar_pillar":13,"justhammers:iron_hammer":5,"tombstone:dark_marble":2,"minecraft:iron_shovel":5,"minecraft:iron_leggings":1,"minecraft:stonecutter":1,"minecraft:white_bed":1,"vampirism:blood_container":1,"minecraft:acacia_planks":12,"minecraft:torch":140,"bossominium:charcoal_bone_meal":3,"minecraft:lapis_block":64},"minecraft:mined":{"minecraft:oak_sapling":1,"minecraft:white_bed":25,"minecraft:farmland":1,"minecraft:jungle_leaves":2,"minecraft:obsidian":5,"cataclysm:stone_tiles":6,"cataclysm:stone_pillar":1,"minecraft:granite":24,"twilightforest:twisted_stone":2,"minecraft:acacia_log":3,"minecraft:grass_block":1980,"waystones:waystone":2,"minecraft:hopper":9,"minecraft:oxeye_daisy":6,"minecraft:chiseled_stone_bricks":2,"minecraft:iron_ore":269,"minecraft:cobbled_deepslate":189,"minecraft:fire":76,"minecraft:deepslate_lapis_ore":22,"minecraft:azure_bluet":11,"minecraft:enchanting_table":1,"minecraft:sculk_shrieker":3,"minecraft:cave_vines":1,"minecraft:dirt_path":3,"minecraft:deepslate_redstone_ore":33,"domesticationinnovation:drum":5,"minecraft:torch":29,"minecraft:poppy":1,"minecraft:chest":7,"supplementaries:wild_flax":1,"minecraft:mushroom_stem":1,"minecraft:cobblestone":287,"minecraft:damaged_anvil":1,"minecraft:oak_planks":7,"minecraft:sugar_cane":66,"minecraft:wall_torch":4,"minecraft:stone_stairs":3,"minecraft:lapis_block":1,"paraglider:horned_statue":2,"minecraft:wheat":90,"atlantis:aquamarine_ore":19,"minecraft:stone_brick_stairs":10,"minecraft:grass":192,"minecraft:oak_log":111,"minecraft:sand":51,"minecraft:dirt":1938,"minecraft:netherrack":5,"minecraft:oak_leaves":62,"minecraft:deepslate":101,"twilightforest:firefly":1,"minecraft:crying_obsidian":2,"minecraft:diamond_ore":2,"minecraft:tuff":13,"croptopia:orange_crop":2,"minecraft:dark_oak_leaves":3,"minecraft:deepslate_diamond_ore":10,"vampirism:altar_inspiration":1,"farmersdelight:wild_carrots":1,"vampirism:altar_pillar":2,"minecraft:glow_lichen":1,"minecraft:dark_oak_fence":9,"minecraft:cobbled_deepslate_slab":4,"cataclysm:stone_tile_stairs":4,"cataclysm:chiseled_stone_brick_pillar":2,"evilcraft:environmental_accumulator":1,"minecraft:hay_block":6,"minecraft:redstone_ore":36,"minecraft:oak_trapdoor":4,"minecraft:furnace":15,"minecraft:carrots":20,"evilcraft:box_of_eternal_closure":2,"twilightforest:canopy_planks":4,"minecraft:andesite":40,"evilcraft:dark_ore":6,"minecraft:gold_block":3,"minecraft:potatoes":24,"vampirism:altar_infusion":1,"minecraft:deepslate_iron_ore":130,"minecraft:cobblestone_slab":41,"minecraft:vine":13,"minecraft:bamboo_sapling":2,"minecraft:bamboo":23,"minecraft:stone":731,"farmersdelight:cooking_pot":1,"minecraft:soul_torch":1,"minecraft:stone_brick_slab":1,"minecraft:dandelion":1,"croptopia:sweetpotato_crop":1,"minecraft:oak_fence":8,"minecraft:crafting_table":12,"additional_lights:fire_pit_l_cobblestone":15,"minecraft:sculk_sensor":12,"additional_lights:fire_for_fire_pit_l":3,"minecraft:campfire":1,"minecraft:stone_slab":26,"minecraft:copper_ore":34,"minecraft:tall_grass":14,"minecraft:lapis_ore":5,"minecraft:deepslate_gold_ore":22,"minecraft:sculk":13,"minecraft:diorite":34,"supplementaries:urn":15,"additional_lights:standing_torch_l_cobblestone":2,"bossominium:guardian_sapling":2,"minecraft:cobblestone_wall":6,"additional_lights:fire_for_standing_torch_s":2,"dramaticdoors:tall_oak_door":2,"minecraft:white_carpet":2,"twilightforest:hollow_oak_log_vertical":1,"minecraft:yellow_bed":4,"twilightforest:bold_stone_pillar":1,"minecraft:coal_ore":210,"evilcraft:blood_stain":1,"vampirism:fire_place":1,"minecraft:gravel":23,"minecraft:cobweb":19,"minecraft:stone_bricks":7,"minecraft:mossy_stone_bricks":1,"minecraft:gold_ore":10,"paraglider:goddess_statue":1,"vampirism:altar_tip":5},"minecraft:killed":{"hmag:necrotic_reaper":1,"naturalist:zebra":2,"grimoireofgaia:toad":1,"vampirism:vampire":20,"minecraft:cave_spider":1,"vampirism:advanced_vampire":9,"minecraft:spider":18,"grimoireofgaia:minotaurus":32,"minecraft:skeleton":47,"vampirism:blinding_bat":10,"grimoireofgaia:mimic":6,"vampirism:advanced_hunter":1,"hmag:catoblepas":7,"grimoireofgaia:flesh_lich":2,"hmag:harpy":3,"grimoireofgaia:banshee":1,"naturalist:firefly":1,"grimoireofgaia:bone_knight":7,"minecraft:creeper":39,"vampirism:hunter":3,"minecraft:sheep":9,"minecraft:pillager":3,"minecraft:zombie":53,"bossominium:forest_guardian_boss":2,"grimoireofgaia:deathword":3,"grimoireofgaia:harpy":47,"minecraft:cow":19,"exoticbirds:peafowl":1,"grimoireofgaia:satyress":3,"hmag:creeper_girl":5,"hmag:skeleton_girl":8,"grimoireofgaia:ender_eye":2,"hmag:zombie_girl":9,"vampirism:villager_converted":1,"grimoireofgaia:dullahan":2,"hmag:ghost":13,"naturalist:bluejay":1,"minecraft:bat":3,"grimoireofgaia:cecaelia":1,"grimoireofgaia:horse":2,"grimoireofgaia:arachne":1,"grimoireofgaia:werecat":1,"minecraft:enderman":6},"minecraft:killed_by":{"vampirism:advanced_vampire":1,"hmag:ogre":2,"grimoireofgaia:arachne":1,"grimoireofgaia:toad":3,"grimoireofgaia:minotaur":2,"grimoireofgaia:bone_knight":3,"minecraft:cave_spider":2,"grimoireofgaia:minotaurus":21,"grimoireofgaia:dullahan":1,"grimoireofgaia:harpy":4,"minecraft:zombie":2,"minecraft:player":4,"minecraft:spider":2,"grimoireofgaia:flesh_lich":1,"grimoireofgaia:werecat":1,"minecraft:skeleton":1,"hmag:ghost":1,"grimoireofgaia:creep":2}},"DataVersion":3120}